solution status,position type,GPS tracking elevation cut-off angle,PRN,glofreq,tracking status,pseudorange measurement,doppler freq,Carrier to noise density ratio,locktime,pseudorange residual,range reject code,pseudorange filter weighting
Solution computed,"INS position, where the last applied position update used a single point GNSS(SINGLE) solution",5.0,19,0,1800bc04,24980109.459,-3503.062,31.102,37.176,-0.561,GOOD,0.199
Solution computed,"INS position, where the last applied position update used a single point GNSS(SINGLE) solution",5.0,19,0,0120200b,0.000,-2729.659,25.957,0.116,0.000,NA,0.000
Solution computed,"INS position, where the last applied position update used a single point GNSS(SINGLE) solution",5.0,0,0,02208000,0.000,0.000,0.000,0.000,0.000,NA,0.000
Solution computed,"INS position, where the last applied position update used a single point GNSS(SINGLE) solution",5.0,0,0,01c02000,0.000,0.000,0.000,0.000,0.000,NA,0.000
Solution computed,"INS position, where the last applied position update used a single point GNSS(SINGLE) solution",5.0,2,0,0810bc24,20987450.364,-760.110,50.765,1153.119,-0.234,GOOD,0.247
Solution computed,"INS position, where the last applied position update used a single point GNSS(SINGLE) solution",5.0,2,0,01303c2b,20987447.548,-592.292,48.816,1153.110,0.000,OBSL2,0.000
Solution computed,"INS position, where the last applied position update used a single point GNSS(SINGLE) solution",5.0,0,0,02208020,0.000,0.000,0.000,0.000,0.000,NA,0.000
Solution computed,"INS position, where the last applied position update used a single point GNSS(SINGLE) solution",5.0,0,0,01c02020,0.000,0.000,0.000,0.000,0.000,NA,0.000
Solution computed,"INS position, where the last applied position update used a single point GNSS(SINGLE) solution",5.0,5,0,1810bc44,23471720.831,3720.059,40.777,723.819,-0.238,GOOD,0.239
Solution computed,"INS position, where the last applied position update used a single point GNSS(SINGLE) solution",5.0,5,0,11303c4b,23471720.954,2898.748,37.919,715.239,0.000,OBSL2,0.000
Solution computed,"INS position, where the last applied position update used a single point GNSS(SINGLE) solution",5.0,5,0,02309c4b,23471722.437,2898.751,38.676,455.460,0.000,OBSL2,0.000
Solution computed,"INS position, where the last applied position update used a single point GNSS(SINGLE) solution",5.0,0,0,01c02040,0.000,0.000,0.000,0.000,0.000,NA,0.000
Solution computed,"INS position, where the last applied position update used a single point GNSS(SINGLE) solution",5.0,31,0,0800b464,24040611.180,716.566,31.173,1.198,0.000,NOIONOCORR,0.000
Solution computed,"INS position, where the last applied position update used a single point GNSS(SINGLE) solution",5.0,31,0,0120206b,0.000,558.363,28.110,0.119,0.000,NA,0.000
Solution computed,"INS position, where the last applied position update used a single point GNSS(SINGLE) solution",5.0,31,0,0220806a,0.000,557.739,0.000,0.000,0.000,NA,0.000
Solution computed,"INS position, where the last applied position update used a single point GNSS(SINGLE) solution",5.0,0,0,01c02060,0.000,0.000,0.000,0.000,0.000,NA,0.000
Solution computed,"INS position, where the last applied position update used a single point GNSS(SINGLE) solution",5.0,20,0,1810bc84,21767131.841,2372.926,46.241,865.895,-0.256,GOOD,0.246
Solution computed,"INS position, where the last applied position update used a single point GNSS(SINGLE) solution",5.0,20,0,11303c8b,21767132.292,1849.036,40.359,865.845,0.000,OBSL2,0.000
Solution computed,"INS position, where the last applied position update used a single point GNSS(SINGLE) solution",5.0,0,0,02208080,0.000,0.000,0.000,0.000,0.000,NA,0.000
Solution computed,"INS position, where the last applied position update used a single point GNSS(SINGLE) solution",5.0,0,0,01c02080,0.000,0.000,0.000,0.000,0.000,NA,0.000
Solution computed,"INS position, where the last applied position update used a single point GNSS(SINGLE) solution",5.0,25,0,0800a0a6,0.000,711.595,0.000,0.000,0.000,NA,0.000
Solution computed,"INS position, where the last applied position update used a single point GNSS(SINGLE) solution",5.0,25,0,012020a9,0.000,554.490,0.000,0.000,0.000,NA,0.000
Solution computed,"INS position, where the last applied position update used a single point GNSS(SINGLE) solution",5.0,25,0,022080a9,0.000,554.490,0.000,0.000,0.000,NA,0.000
Solution computed,"INS position, where the last applied position update used a single point GNSS(SINGLE) solution",5.0,25,0,01c020a9,0.000,531.386,0.000,0.000,0.000,NA,0.000
Solution computed,"INS position, where the last applied position update used a single point GNSS(SINGLE) solution",5.0,12,0,0810bcc4,20780894.307,-1952.993,48.431,1152.710,-0.242,GOOD,0.247
Solution computed,"INS position, where the last applied position update used a single point GNSS(SINGLE) solution",5.0,12,0,01303ccb,20780893.276,-1521.812,46.986,1152.710,0.000,OBSL2,0.000
Solution computed,"INS position, where the last applied position update used a single point GNSS(SINGLE) solution",5.0,12,0,02309ccb,20780894.257,-1521.812,47.822,1151.292,0.000,OBSL2,0.000
Solution computed,"INS position, where the last applied position update used a single point GNSS(SINGLE) solution",5.0,0,0,01c020c0,0.000,0.000,0.000,0.000,0.000,NA,0.000
Solution computed,"INS position, where the last applied position update used a single point GNSS(SINGLE) solution",5.0,6,0,1810bce4,22819788.433,-3107.710,44.959,862.495,1.421,GOOD,0.246
Solution computed,"INS position, where the last applied position update used a single point GNSS(SINGLE) solution",5.0,6,0,11303ceb,22819791.449,-2421.594,39.902,862.345,0.000,OBSL2,0.000
Solution computed,"INS position, where the last applied position update used a single point GNSS(SINGLE) solution",5.0,6,0,02309ceb,22819792.173,-2421.597,44.169,862.405,0.000,OBSL2,0.000
Solution computed,"INS position, where the last applied position update used a single point GNSS(SINGLE) solution",5.0,6,0,01d03ce4,22819792.290,-2320.732,45.387,875.384,0.000,OBSL5,0.000
Solution computed,"INS position, where the last applied position update used a single point GNSS(SINGLE) solution",5.0,0,0,0000a100,0.000,0.000,0.000,0.000,0.000,NA,0.000
Solution computed,"INS position, where the last applied position update used a single point GNSS(SINGLE) solution",5.0,0,0,00a02100,0.000,0.000,0.000,0.000,0.000,NA,0.000
Solution computed,"INS position, where the last applied position update used a single point GNSS(SINGLE) solution",5.0,0,0,02208100,0.000,0.000,0.000,0.000,0.000,NA,0.000
Solution computed,"INS position, where the last applied position update used a single point GNSS(SINGLE) solution",5.0,0,0,01c02100,0.000,0.000,0.000,0.000,0.000,NA,0.000
Solution computed,"INS position, where the last applied position update used a single point GNSS(SINGLE) solution",5.0,0,0,0000a120,0.000,0.000,0.000,0.000,0.000,NA,0.000
Solution computed,"INS position, where the last applied position update used a single point GNSS(SINGLE) solution",5.0,0,0,00a02120,0.000,0.000,0.000,0.000,0.000,NA,0.000
Solution computed,"INS position, where the last applied position update used a single point GNSS(SINGLE) solution",5.0,0,0,02208120,0.000,0.000,0.000,0.000,0.000,NA,0.000
Solution computed,"INS position, where the last applied position update used a single point GNSS(SINGLE) solution",5.0,0,0,01c02120,0.000,0.000,0.000,0.000,0.000,NA,0.000
Solution computed,"INS position, where the last applied position update used a single point GNSS(SINGLE) solution",5.0,0,0,0000a140,0.000,0.000,0.000,0.000,0.000,NA,0.000
Solution computed,"INS position, where the last applied position update used a single point GNSS(SINGLE) solution",5.0,0,0,00a02140,0.000,0.000,0.000,0.000,0.000,NA,0.000
Solution computed,"INS position, where the last applied position update used a single point GNSS(SINGLE) solution",5.0,0,0,02208140,0.000,0.000,0.000,0.000,0.000,NA,0.000
Solution computed,"INS position, where the last applied position update used a single point GNSS(SINGLE) solution",5.0,0,0,01c02140,0.000,0.000,0.000,0.000,0.000,NA,0.000
Solution computed,"INS position, where the last applied position update used a single point GNSS(SINGLE) solution",5.0,0,0,0000a160,0.000,0.000,0.000,0.000,0.000,NA,0.000
Solution computed,"INS position, where the last applied position update used a single point GNSS(SINGLE) solution",5.0,0,0,00a02160,0.000,0.000,0.000,0.000,0.000,NA,0.000
Solution computed,"INS position, where the last applied position update used a single point GNSS(SINGLE) solution",5.0,0,0,02208160,0.000,0.000,0.000,0.000,0.000,NA,0.000
Solution computed,"INS position, where the last applied position update used a single point GNSS(SINGLE) solution",5.0,0,0,01c02160,0.000,0.000,0.000,0.000,0.000,NA,0.000
Solution computed,"INS position, where the last applied position update used a single point GNSS(SINGLE) solution",5.0,29,0,0800a186,0.000,2880.837,0.000,0.000,0.000,NA,0.000
Solution computed,"INS position, where the last applied position update used a single point GNSS(SINGLE) solution",5.0,29,0,01202189,0.000,2244.808,0.000,0.000,0.000,NA,0.000
Solution computed,"INS position, where the last applied position update used a single point GNSS(SINGLE) solution",5.0,29,0,02208189,0.000,2244.808,0.000,0.000,0.000,NA,0.000
Solution computed,"INS position, where the last applied position update used a single point GNSS(SINGLE) solution",5.0,0,0,01c02180,0.000,0.000,0.000,0.000,0.000,NA,0.000
Solution computed,"INS position, where the last applied position update used a single point GNSS(SINGLE) solution",5.0,0,0,0000a1a0,0.000,0.000,0.000,0.000,0.000,NA,0.000
Solution computed,"INS position, where the last applied position update used a single point GNSS(SINGLE) solution",5.0,0,0,00a021a0,0.000,0.000,0.000,0.000,0.000,NA,0.000
Solution computed,"INS position, where the last applied position update used a single point GNSS(SINGLE) solution",5.0,0,0,022081a0,0.000,0.000,0.000,0.000,0.000,NA,0.000
Solution computed,"INS position, where the last applied position update used a single point GNSS(SINGLE) solution",5.0,0,0,01c021a0,0.000,0.000,0.000,0.000,0.000,NA,0.000
Solution computed,"INS position, where the last applied position update used a single point GNSS(SINGLE) solution",5.0,0,0,0000a1c0,0.000,0.000,0.000,0.000,0.000,NA,0.000
Solution computed,"INS position, where the last applied position update used a single point GNSS(SINGLE) solution",5.0,0,0,00a021c0,0.000,0.000,0.000,0.000,0.000,NA,0.000
Solution computed,"INS position, where the last applied position update used a single point GNSS(SINGLE) solution",5.0,0,0,022081c0,0.000,0.000,0.000,0.000,0.000,NA,0.000
Solution computed,"INS position, where the last applied position update used a single point GNSS(SINGLE) solution",5.0,0,0,01c021c0,0.000,0.000,0.000,0.000,0.000,NA,0.000
Solution computed,"INS position, where the last applied position update used a single point GNSS(SINGLE) solution",5.0,0,0,0000a1e0,0.000,0.000,0.000,0.000,0.000,NA,0.000
Solution computed,"INS position, where the last applied position update used a single point GNSS(SINGLE) solution",5.0,0,0,00a021e0,0.000,0.000,0.000,0.000,0.000,NA,0.000
Solution computed,"INS position, where the last applied position update used a single point GNSS(SINGLE) solution",5.0,0,0,022081e0,0.000,0.000,0.000,0.000,0.000,NA,0.000
Solution computed,"INS position, where the last applied position update used a single point GNSS(SINGLE) solution",5.0,0,0,01c021e0,0.000,0.000,0.000,0.000,0.000,NA,0.000
Solution computed,"INS position, where the last applied position update used a single point GNSS(SINGLE) solution",5.0,194,0,0805a206,0.000,123.336,0.000,0.000,0.000,NA,0.000
Solution computed,"INS position, where the last applied position update used a single point GNSS(SINGLE) solution",5.0,194,0,02258209,0.000,96.106,0.000,0.000,0.000,NA,0.000
Solution computed,"INS position, where the last applied position update used a single point GNSS(SINGLE) solution",5.0,194,0,01c52209,0.000,92.102,0.000,0.000,0.000,NA,0.000
Solution computed,"INS position, where the last applied position update used a single point GNSS(SINGLE) solution",5.0,0,0,0005a220,0.000,0.000,0.000,0.000,0.000,NA,0.000
Solution computed,"INS position, where the last applied position update used a single point GNSS(SINGLE) solution",5.0,0,0,02258220,0.000,0.000,0.000,0.000,0.000,NA,0.000
Solution computed,"INS position, where the last applied position update used a single point GNSS(SINGLE) solution",5.0,0,0,01c52220,0.000,0.000,0.000,0.000,0.000,NA,0.000
Solution computed,"INS position, where the last applied position update used a single point GNSS(SINGLE) solution",5.0,0,0,0005a240,0.000,0.000,0.000,0.000,0.000,NA,0.000
Solution computed,"INS position, where the last applied position update used a single point GNSS(SINGLE) solution",5.0,0,0,02258240,0.000,0.000,0.000,0.000,0.000,NA,0.000
Solution computed,"INS position, where the last applied position update used a single point GNSS(SINGLE) solution",5.0,0,0,01c52240,0.000,0.000,0.000,0.000,0.000,NA,0.000
Solution computed,"INS position, where the last applied position update used a single point GNSS(SINGLE) solution",5.0,0,0,0005a260,0.000,0.000,0.000,0.000,0.000,NA,0.000
Solution computed,"INS position, where the last applied position update used a single point GNSS(SINGLE) solution",5.0,0,0,02258260,0.000,0.000,0.000,0.000,0.000,NA,0.000
Solution computed,"INS position, where the last applied position update used a single point GNSS(SINGLE) solution",5.0,0,0,01c52260,0.000,0.000,0.000,0.000,0.000,NA,0.000
Solution computed,"INS position, where the last applied position update used a single point GNSS(SINGLE) solution",5.0,0,0,00022280,0.000,0.000,0.000,0.000,0.000,NA,0.000
Solution computed,"INS position, where the last applied position update used a single point GNSS(SINGLE) solution",5.0,0,0,000222a0,0.000,0.000,0.000,0.000,0.000,NA,0.000
Solution computed,"INS position, where the last applied position update used a single point GNSS(SINGLE) solution",5.0,0,0,000222c0,0.000,0.000,0.000,0.000,0.000,NA,0.000
Solution computed,"INS position, where the last applied position update used a single point GNSS(SINGLE) solution",5.0,0,0,000222e0,0.000,0.000,0.000,0.000,0.000,NA,0.000
Solution computed,"INS position, where the last applied position update used a single point GNSS(SINGLE) solution",5.0,43,3,08018301,0.000,3489.000,0.000,0.000,0.000,NA,0.000
Solution computed,"INS position, where the last applied position update used a single point GNSS(SINGLE) solution",5.0,0,0,00a12300,0.000,0.000,0.000,0.000,0.000,NA,0.000
Solution computed,"INS position, where the last applied position update used a single point GNSS(SINGLE) solution",5.0,0,0,00218300,0.000,0.000,0.000,0.000,0.000,NA,0.000
Solution computed,"INS position, where the last applied position update used a single point GNSS(SINGLE) solution",5.0,50,5,18119f24,22476554.491,3456.836,34.897,455.922,3.303,GOOD,0.019
Solution computed,"INS position, where the last applied position update used a single point GNSS(SINGLE) solution",5.0,50,5,00b13f2b,22476557.650,2688.651,36.581,453.723,0.000,OBSL2,0.000
Solution computed,"INS position, where the last applied position update used a single point GNSS(SINGLE) solution",5.0,50,5,10319f2b,22476558.128,2688.651,33.377,454.563,0.000,OBSL2,0.000
Solution computed,"INS position, where the last applied position update used a single point GNSS(SINGLE) solution",5.0,0,0,00018340,0.000,0.000,0.000,0.000,0.000,NA,0.000
Solution computed,"INS position, where the last applied position update used a single point GNSS(SINGLE) solution",5.0,0,0,00a12340,0.000,0.000,0.000,0.000,0.000,NA,0.000
Solution computed,"INS position, where the last applied position update used a single point GNSS(SINGLE) solution",5.0,0,0,00218340,0.000,0.000,0.000,0.000,0.000,NA,0.000
Solution computed,"INS position, where the last applied position update used a single point GNSS(SINGLE) solution",5.0,0,0,00018360,0.000,0.000,0.000,0.000,0.000,NA,0.000
Solution computed,"INS position, where the last applied position update used a single point GNSS(SINGLE) solution",5.0,0,0,00a12360,0.000,0.000,0.000,0.000,0.000,NA,0.000
Solution computed,"INS position, where the last applied position update used a single point GNSS(SINGLE) solution",5.0,0,0,00218360,0.000,0.000,0.000,0.000,0.000,NA,0.000
Solution computed,"INS position, where the last applied position update used a single point GNSS(SINGLE) solution",5.0,59,4,08018386,0.000,1787.252,0.000,0.000,0.000,NA,0.000
Solution computed,"INS position, where the last applied position update used a single point GNSS(SINGLE) solution",5.0,0,0,00a12380,0.000,0.000,0.000,0.000,0.000,NA,0.000
Solution computed,"INS position, where the last applied position update used a single point GNSS(SINGLE) solution",5.0,0,0,00218380,0.000,0.000,0.000,0.000,0.000,NA,0.000
Solution computed,"INS position, where the last applied position update used a single point GNSS(SINGLE) solution",5.0,0,0,000183a0,0.000,0.000,0.000,0.000,0.000,NA,0.000
Solution computed,"INS position, where the last applied position update used a single point GNSS(SINGLE) solution",5.0,0,0,00a123a0,0.000,0.000,0.000,0.000,0.000,NA,0.000
Solution computed,"INS position, where the last applied position update used a single point GNSS(SINGLE) solution",5.0,0,0,002183a0,0.000,0.000,0.000,0.000,0.000,NA,0.000
Solution computed,"INS position, where the last applied position update used a single point GNSS(SINGLE) solution",5.0,49,6,080183c6,0.000,-26.080,0.000,0.000,0.000,NA,0.000
Solution computed,"INS position, where the last applied position update used a single point GNSS(SINGLE) solution",5.0,49,6,00a123c9,0.000,-20.285,0.000,0.000,0.000,NA,0.000
Solution computed,"INS position, where the last applied position update used a single point GNSS(SINGLE) solution",5.0,49,6,002183c9,0.000,-16.000,0.000,0.000,0.000,NA,0.000
Solution computed,"INS position, where the last applied position update used a single point GNSS(SINGLE) solution",5.0,0,0,000183e0,0.000,0.000,0.000,0.000,0.000,NA,0.000
Solution computed,"INS position, where the last applied position update used a single point GNSS(SINGLE) solution",5.0,0,0,00a123e0,0.000,0.000,0.000,0.000,0.000,NA,0.000
Solution computed,"INS position, where the last applied position update used a single point GNSS(SINGLE) solution",5.0,0,0,002183e0,0.000,0.000,0.000,0.000,0.000,NA,0.000
Solution computed,"INS position, where the last applied position update used a single point GNSS(SINGLE) solution",5.0,42,8,08119c04,22207384.775,-56.181,39.773,171.145,-1.266,GOOD,0.024
Solution computed,"INS position, where the last applied position update used a single point GNSS(SINGLE) solution",5.0,42,8,10b13c0b,22207386.922,-43.698,41.607,171.065,0.000,OBSL2,0.000
Solution computed,"INS position, where the last applied position update used a single point GNSS(SINGLE) solution",5.0,42,8,10319c0b,22207386.484,-43.698,42.534,171.085,0.000,OBSL2,0.000
Solution computed,"INS position, where the last applied position update used a single point GNSS(SINGLE) solution",5.0,57,9,08018026,0.000,-3694.950,0.000,0.000,0.000,NA,0.000
Solution computed,"INS position, where the last applied position update used a single point GNSS(SINGLE) solution",5.0,57,9,00a12029,0.000,-2873.850,0.000,0.000,0.000,NA,0.000
Solution computed,"INS position, where the last applied position update used a single point GNSS(SINGLE) solution",5.0,57,9,00218026,0.000,-2873.850,0.000,0.000,0.000,NA,0.000
Solution computed,"INS position, where the last applied position update used a single point GNSS(SINGLE) solution",5.0,0,0,00018040,0.000,0.000,0.000,0.000,0.000,NA,0.000
Solution computed,"INS position, where the last applied position update used a single point GNSS(SINGLE) solution",5.0,0,0,00a12040,0.000,0.000,0.000,0.000,0.000,NA,0.000
Solution computed,"INS position, where the last applied position update used a single point GNSS(SINGLE) solution",5.0,0,0,00218040,0.000,0.000,0.000,0.000,0.000,NA,0.000
Solution computed,"INS position, where the last applied position update used a single point GNSS(SINGLE) solution",5.0,58,11,08119c64,19745501.939,-1457.476,51.109,1055.424,-1.413,GOOD,0.024
Solution computed,"INS position, where the last applied position update used a single point GNSS(SINGLE) solution",5.0,58,11,10b13c6b,19745502.686,-1133.598,44.615,1055.424,0.000,OBSL2,0.000
Solution computed,"INS position, where the last applied position update used a single point GNSS(SINGLE) solution",5.0,58,11,10319c6b,19745503.086,-1133.599,44.647,1055.414,0.000,OBSL2,0.000
Solution computed,"INS position, where the last applied position update used a single point GNSS(SINGLE) solution",5.0,0,0,00018080,0.000,0.000,0.000,0.000,0.000,NA,0.000
Solution computed,"INS position, where the last applied position update used a single point GNSS(SINGLE) solution",5.0,0,0,00a12080,0.000,0.000,0.000,0.000,0.000,NA,0.000
Solution computed,"INS position, where the last applied position update used a single point GNSS(SINGLE) solution",5.0,0,0,00218080,0.000,0.000,0.000,0.000,0.000,NA,0.000
Solution computed,"INS position, where the last applied position update used a single point GNSS(SINGLE) solution",5.0,0,0,000180a0,0.000,0.000,0.000,0.000,0.000,NA,0.000
Solution computed,"INS position, where the last applied position update used a single point GNSS(SINGLE) solution",5.0,0,0,00a120a0,0.000,0.000,0.000,0.000,0.000,NA,0.000
Solution computed,"INS position, where the last applied position update used a single point GNSS(SINGLE) solution",5.0,0,0,002180a0,0.000,0.000,0.000,0.000,0.000,NA,0.000
Solution computed,"INS position, where the last applied position update used a single point GNSS(SINGLE) solution",5.0,36,0,08539cc4,24664500.959,-1894.315,51.130,863.478,0.085,GOOD,0.102
Solution computed,"INS position, where the last applied position update used a single point GNSS(SINGLE) solution",5.0,36,0,01933cc4,24664506.024,-1414.645,47.900,983.908,0.000,OBSE5,0.000
Solution computed,"INS position, where the last applied position update used a single point GNSS(SINGLE) solution",5.0,36,0,02333cc4,24664504.912,-1451.487,49.823,1038.646,0.000,OBSE5,0.000
Solution computed,"INS position, where the last applied position update used a single point GNSS(SINGLE) solution",5.0,36,0,02933cc4,24664505.226,-1433.054,51.927,1038.658,0.000,OBSE5,0.000
Solution computed,"INS position, where the last applied position update used a single point GNSS(SINGLE) solution",5.0,2,0,08539ce4,25603952.429,-2865.031,47.099,867.515,-0.763,GOOD,0.102
Solution computed,"INS position, where the last applied position update used a single point GNSS(SINGLE) solution",5.0,2,0,01933ce4,25603957.590,-2139.566,44.858,866.875,0.000,OBSE5,0.000
Solution computed,"INS position, where the last applied position update used a single point GNSS(SINGLE) solution",5.0,2,0,02333ce4,25603954.851,-2195.388,44.628,866.974,0.000,OBSE5,0.000
Solution computed,"INS position, where the last applied position update used a single point GNSS(SINGLE) solution",5.0,2,0,02933ce4,25603955.488,-2167.431,47.614,1420.805,0.000,OBSE5,0.000
Solution computed,"INS position, where the last applied position update used a single point GNSS(SINGLE) solution",5.0,30,0,08438106,0.000,-513.557,0.000,0.000,0.000,NA,0.000
Solution computed,"INS position, where the last applied position update used a single point GNSS(SINGLE) solution",5.0,30,0,01832109,0.000,-383.500,0.000,0.000,0.000,NA,0.000
Solution computed,"INS position, where the last applied position update used a single point GNSS(SINGLE) solution",5.0,30,0,02232109,0.000,-393.505,0.000,0.000,0.000,NA,0.000
Solution computed,"INS position, where the last applied position update used a single point GNSS(SINGLE) solution",5.0,30,0,02832109,0.000,-388.503,0.000,0.000,0.000,NA,0.000
Solution computed,"INS position, where the last applied position update used a single point GNSS(SINGLE) solution",5.0,9,0,08438121,0.000,2397.000,0.000,0.000,0.000,NA,0.000
Solution computed,"INS position, where the last applied position update used a single point GNSS(SINGLE) solution",5.0,0,0,01832120,0.000,0.000,0.000,0.000,0.000,NA,0.000
Solution computed,"INS position, where the last applied position update used a single point GNSS(SINGLE) solution",5.0,0,0,02232120,0.000,0.000,0.000,0.000,0.000,NA,0.000
Solution computed,"INS position, where the last applied position update used a single point GNSS(SINGLE) solution",5.0,0,0,02832120,0.000,0.000,0.000,0.000,0.000,NA,0.000
Solution computed,"INS position, where the last applied position update used a single point GNSS(SINGLE) solution",5.0,15,0,08438146,0.000,2625.980,0.000,0.000,0.000,NA,0.000
Solution computed,"INS position, where the last applied position update used a single point GNSS(SINGLE) solution",5.0,0,0,01832140,0.000,0.000,0.000,0.000,0.000,NA,0.000
Solution computed,"INS position, where the last applied position update used a single point GNSS(SINGLE) solution",5.0,0,0,02232140,0.000,0.000,0.000,0.000,0.000,NA,0.000
Solution computed,"INS position, where the last applied position update used a single point GNSS(SINGLE) solution",5.0,0,0,02832140,0.000,0.000,0.000,0.000,0.000,NA,0.000
Solution computed,"INS position, where the last applied position update used a single point GNSS(SINGLE) solution",5.0,4,0,08438161,0.000,420.000,0.000,0.000,0.000,NA,0.000
Solution computed,"INS position, where the last applied position update used a single point GNSS(SINGLE) solution",5.0,0,0,01832160,0.000,0.000,0.000,0.000,0.000,NA,0.000
Solution computed,"INS position, where the last applied position update used a single point GNSS(SINGLE) solution",5.0,0,0,02232160,0.000,0.000,0.000,0.000,0.000,NA,0.000
Solution computed,"INS position, where the last applied position update used a single point GNSS(SINGLE) solution",5.0,0,0,02832160,0.000,0.000,0.000,0.000,0.000,NA,0.000
Solution computed,"INS position, where the last applied position update used a single point GNSS(SINGLE) solution",5.0,0,0,00438180,0.000,0.000,0.000,0.000,0.000,NA,0.000
Solution computed,"INS position, where the last applied position update used a single point GNSS(SINGLE) solution",5.0,0,0,01832180,0.000,0.000,0.000,0.000,0.000,NA,0.000
Solution computed,"INS position, where the last applied position update used a single point GNSS(SINGLE) solution",5.0,0,0,02232180,0.000,0.000,0.000,0.000,0.000,NA,0.000
Solution computed,"INS position, where the last applied position update used a single point GNSS(SINGLE) solution",5.0,0,0,02832180,0.000,0.000,0.000,0.000,0.000,NA,0.000
Solution computed,"INS position, where the last applied position update used a single point GNSS(SINGLE) solution",5.0,0,0,004381a0,0.000,0.000,0.000,0.000,0.000,NA,0.000
Solution computed,"INS position, where the last applied position update used a single point GNSS(SINGLE) solution",5.0,0,0,018321a0,0.000,0.000,0.000,0.000,0.000,NA,0.000
Solution computed,"INS position, where the last applied position update used a single point GNSS(SINGLE) solution",5.0,0,0,022321a0,0.000,0.000,0.000,0.000,0.000,NA,0.000
Solution computed,"INS position, where the last applied position update used a single point GNSS(SINGLE) solution",5.0,0,0,028321a0,0.000,0.000,0.000,0.000,0.000,NA,0.000
Solution computed,"INS position, where the last applied position update used a single point GNSS(SINGLE) solution",5.0,0,0,004381c0,0.000,0.000,0.000,0.000,0.000,NA,0.000
Solution computed,"INS position, where the last applied position update used a single point GNSS(SINGLE) solution",5.0,0,0,018321c0,0.000,0.000,0.000,0.000,0.000,NA,0.000
Solution computed,"INS position, where the last applied position update used a single point GNSS(SINGLE) solution",5.0,0,0,022321c0,0.000,0.000,0.000,0.000,0.000,NA,0.000
Solution computed,"INS position, where the last applied position update used a single point GNSS(SINGLE) solution",5.0,0,0,028321c0,0.000,0.000,0.000,0.000,0.000,NA,0.000
Solution computed,"INS position, where the last applied position update used a single point GNSS(SINGLE) solution",5.0,0,0,004381e0,0.000,0.000,0.000,0.000,0.000,NA,0.000
Solution computed,"INS position, where the last applied position update used a single point GNSS(SINGLE) solution",5.0,0,0,018321e0,0.000,0.000,0.000,0.000,0.000,NA,0.000
Solution computed,"INS position, where the last applied position update used a single point GNSS(SINGLE) solution",5.0,0,0,022321e0,0.000,0.000,0.000,0.000,0.000,NA,0.000
Solution computed,"INS position, where the last applied position update used a single point GNSS(SINGLE) solution",5.0,0,0,028321e0,0.000,0.000,0.000,0.000,0.000,NA,0.000
Solution computed,"INS position, where the last applied position update used a single point GNSS(SINGLE) solution",5.0,0,0,00438200,0.000,0.000,0.000,0.000,0.000,NA,0.000
Solution computed,"INS position, where the last applied position update used a single point GNSS(SINGLE) solution",5.0,0,0,01832200,0.000,0.000,0.000,0.000,0.000,NA,0.000
Solution computed,"INS position, where the last applied position update used a single point GNSS(SINGLE) solution",5.0,0,0,02232200,0.000,0.000,0.000,0.000,0.000,NA,0.000
Solution computed,"INS position, where the last applied position update used a single point GNSS(SINGLE) solution",5.0,0,0,02832200,0.000,0.000,0.000,0.000,0.000,NA,0.000
Solution computed,"INS position, where the last applied position update used a single point GNSS(SINGLE) solution",5.0,0,0,00438220,0.000,0.000,0.000,0.000,0.000,NA,0.000
Solution computed,"INS position, where the last applied position update used a single point GNSS(SINGLE) solution",5.0,0,0,01832220,0.000,0.000,0.000,0.000,0.000,NA,0.000
Solution computed,"INS position, where the last applied position update used a single point GNSS(SINGLE) solution",5.0,0,0,02232220,0.000,0.000,0.000,0.000,0.000,NA,0.000
Solution computed,"INS position, where the last applied position update used a single point GNSS(SINGLE) solution",5.0,0,0,02832220,0.000,0.000,0.000,0.000,0.000,NA,0.000
Solution computed,"INS position, where the last applied position update used a single point GNSS(SINGLE) solution",5.0,0,0,00438240,0.000,0.000,0.000,0.000,0.000,NA,0.000
Solution computed,"INS position, where the last applied position update used a single point GNSS(SINGLE) solution",5.0,0,0,01832240,0.000,0.000,0.000,0.000,0.000,NA,0.000
Solution computed,"INS position, where the last applied position update used a single point GNSS(SINGLE) solution",5.0,0,0,02232240,0.000,0.000,0.000,0.000,0.000,NA,0.000
Solution computed,"INS position, where the last applied position update used a single point GNSS(SINGLE) solution",5.0,0,0,02832240,0.000,0.000,0.000,0.000,0.000,NA,0.000
Solution computed,"INS position, where the last applied position update used a single point GNSS(SINGLE) solution",5.0,0,0,00438260,0.000,0.000,0.000,0.000,0.000,NA,0.000
Solution computed,"INS position, where the last applied position update used a single point GNSS(SINGLE) solution",5.0,0,0,01832260,0.000,0.000,0.000,0.000,0.000,NA,0.000
Solution computed,"INS position, where the last applied position update used a single point GNSS(SINGLE) solution",5.0,0,0,02232260,0.000,0.000,0.000,0.000,0.000,NA,0.000
Solution computed,"INS position, where the last applied position update used a single point GNSS(SINGLE) solution",5.0,0,0,02832260,0.000,0.000,0.000,0.000,0.000,NA,0.000
Solution computed,"INS position, where the last applied position update used a single point GNSS(SINGLE) solution",5.0,0,0,00438280,0.000,0.000,0.000,0.000,0.000,NA,0.000
Solution computed,"INS position, where the last applied position update used a single point GNSS(SINGLE) solution",5.0,0,0,01832280,0.000,0.000,0.000,0.000,0.000,NA,0.000
Solution computed,"INS position, where the last applied position update used a single point GNSS(SINGLE) solution",5.0,0,0,02232280,0.000,0.000,0.000,0.000,0.000,NA,0.000
Solution computed,"INS position, where the last applied position update used a single point GNSS(SINGLE) solution",5.0,0,0,02832280,0.000,0.000,0.000,0.000,0.000,NA,0.000
Solution computed,"INS position, where the last applied position update used a single point GNSS(SINGLE) solution",5.0,27,0,08539ea4,26206609.067,2300.696,45.791,865.570,0.680,GOOD,0.102
Solution computed,"INS position, where the last applied position update used a single point GNSS(SINGLE) solution",5.0,27,0,01933ea4,26206613.817,1717.840,41.863,866.490,0.000,OBSE5,0.000
Solution computed,"INS position, where the last applied position update used a single point GNSS(SINGLE) solution",5.0,27,0,02333ea4,26206612.135,1762.906,44.693,865.549,0.000,OBSE5,0.000
Solution computed,"INS position, where the last applied position update used a single point GNSS(SINGLE) solution",5.0,27,0,02933ea4,26206612.428,1740.471,46.297,869.300,0.000,OBSE5,0.000
Solution computed,"INS position, where the last applied position update used a single point GNSS(SINGLE) solution",5.0,41,0,080482c6,0.000,-1436.446,0.000,0.000,0.000,NA,0.000
Solution computed,"INS position, where the last applied position update used a single point GNSS(SINGLE) solution",5.0,41,0,012422c9,0.000,-1082.512,0.000,0.000,0.000,NA,0.000
Solution computed,"INS position, where the last applied position update used a single point GNSS(SINGLE) solution",5.0,41,0,016422c6,0.000,-1110.751,0.000,0.000,0.000,NA,0.000
Solution computed,"INS position, where the last applied position update used a single point GNSS(SINGLE) solution",5.0,15,0,080482e1,0.000,500.000,0.000,0.000,0.000,NA,0.000
Solution computed,"INS position, where the last applied position update used a single point GNSS(SINGLE) solution",5.0,15,0,080482e2,0.000,-182.000,0.000,0.000,0.000,NA,0.000
Solution computed,"INS position, where the last applied position update used a single point GNSS(SINGLE) solution",5.0,0,0,016422e0,0.000,0.000,0.000,0.000,0.000,NA,0.000
Solution computed,"INS position, where the last applied position update used a single point GNSS(SINGLE) solution",5.0,57,0,08048301,0.000,12000.000,0.000,0.000,0.000,NA,0.000
Solution computed,"INS position, where the last applied position update used a single point GNSS(SINGLE) solution",5.0,57,0,08048301,0.000,-4000.000,0.000,0.000,0.000,NA,0.000
Solution computed,"INS position, where the last applied position update used a single point GNSS(SINGLE) solution",5.0,0,0,01642300,0.000,0.000,0.000,0.000,0.000,NA,0.000
Solution computed,"INS position, where the last applied position update used a single point GNSS(SINGLE) solution",5.0,32,0,08149f24,24669408.719,1293.353,46.924,865.086,-0.451,GOOD,0.165
Solution computed,"INS position, where the last applied position update used a single point GNSS(SINGLE) solution",5.0,32,0,01343f24,24669414.944,974.633,45.862,874.067,0.000,OBSB2,0.000
Solution computed,"INS position, where the last applied position update used a single point GNSS(SINGLE) solution",5.0,32,0,41743f24,24669412.393,1000.198,45.359,897.146,0.000,OBSB2,0.000
Solution computed,"INS position, where the last applied position update used a single point GNSS(SINGLE) solution",5.0,28,0,08048341,0.000,2500.000,0.000,0.000,0.000,NA,0.000
Solution computed,"INS position, where the last applied position update used a single point GNSS(SINGLE) solution",5.0,28,0,08048341,0.000,-2500.000,0.000,0.000,0.000,NA,0.000
Solution computed,"INS position, where the last applied position update used a single point GNSS(SINGLE) solution",5.0,0,0,01642340,0.000,0.000,0.000,0.000,0.000,NA,0.000
Solution computed,"INS position, where the last applied position update used a single point GNSS(SINGLE) solution",5.0,18,0,08048361,0.000,1000.000,0.000,0.000,0.000,NA,0.000
Solution computed,"INS position, where the last applied position update used a single point GNSS(SINGLE) solution",5.0,18,0,08048361,0.000,-4000.000,0.000,0.000,0.000,NA,0.000
Solution computed,"INS position, where the last applied position update used a single point GNSS(SINGLE) solution",5.0,0,0,01642360,0.000,0.000,0.000,0.000,0.000,NA,0.000
Solution computed,"INS position, where the last applied position update used a single point GNSS(SINGLE) solution",5.0,54,0,08048381,0.000,834.000,0.000,0.000,0.000,NA,0.000
Solution computed,"INS position, where the last applied position update used a single point GNSS(SINGLE) solution",5.0,54,0,08048381,0.000,-4166.000,0.000,0.000,0.000,NA,0.000
Solution computed,"INS position, where the last applied position update used a single point GNSS(SINGLE) solution",5.0,0,0,01642380,0.000,0.000,0.000,0.000,0.000,NA,0.000
Solution computed,"INS position, where the last applied position update used a single point GNSS(SINGLE) solution",5.0,56,0,080483a1,0.000,12000.000,0.000,0.000,0.000,NA,0.000
Solution computed,"INS position, where the last applied position update used a single point GNSS(SINGLE) solution",5.0,56,0,080483a1,0.000,-4000.000,0.000,0.000,0.000,NA,0.000
Solution computed,"INS position, where the last applied position update used a single point GNSS(SINGLE) solution",5.0,0,0,016423a0,0.000,0.000,0.000,0.000,0.000,NA,0.000
Solution computed,"INS position, where the last applied position update used a single point GNSS(SINGLE) solution",5.0,63,0,088483c1,0.000,5000.000,0.000,0.000,0.000,NA,0.000
Solution computed,"INS position, where the last applied position update used a single point GNSS(SINGLE) solution",5.0,63,0,088483c1,0.000,-11000.000,0.000,0.000,0.000,NA,0.000
Solution computed,"INS position, where the last applied position update used a single point GNSS(SINGLE) solution",5.0,0,0,016423c0,0.000,0.000,0.000,0.000,0.000,NA,0.000
Solution computed,"INS position, where the last applied position update used a single point GNSS(SINGLE) solution",5.0,9,0,080483e1,0.000,3333.000,0.000,0.000,0.000,NA,0.000
Solution computed,"INS position, where the last applied position update used a single point GNSS(SINGLE) solution",5.0,9,0,080483e1,0.000,-1667.000,0.000,0.000,0.000,NA,0.000
Solution computed,"INS position, where the last applied position update used a single point GNSS(SINGLE) solution",5.0,0,0,016423e0,0.000,0.000,0.000,0.000,0.000,NA,0.000
Solution computed,"INS position, where the last applied position update used a single point GNSS(SINGLE) solution",5.0,62,0,08848001,0.000,3000.000,0.000,0.000,0.000,NA,0.000
Solution computed,"INS position, where the last applied position update used a single point GNSS(SINGLE) solution",5.0,62,0,08848001,0.000,-13000.000,0.000,0.000,0.000,NA,0.000
Solution computed,"INS position, where the last applied position update used a single point GNSS(SINGLE) solution",5.0,0,0,01642000,0.000,0.000,0.000,0.000,0.000,NA,0.000
Solution computed,"INS position, where the last applied position update used a single point GNSS(SINGLE) solution",5.0,36,0,08048026,0.000,-3401.311,0.000,0.000,0.000,NA,0.000
Solution computed,"INS position, where the last applied position update used a single point GNSS(SINGLE) solution",5.0,36,0,01243c24,25822593.813,-2563.808,31.975,7.493,0.260,GOOD,0.162
Solution computed,"INS position, where the last applied position update used a single point GNSS(SINGLE) solution",5.0,36,0,01642026,0.000,-2630.109,0.000,0.000,0.000,NA,0.000
Solution computed,"INS position, where the last applied position update used a single point GNSS(SINGLE) solution",5.0,26,0,08149c44,24349768.505,1401.480,35.946,866.318,-1.789,GOOD,0.164
Solution computed,"INS position, where the last applied position update used a single point GNSS(SINGLE) solution",5.0,26,0,01343c44,24349768.669,1056.139,33.245,866.917,0.000,OBSB2,0.000
Solution computed,"INS position, where the last applied position update used a single point GNSS(SINGLE) solution",5.0,26,0,41743444,24349768.892,1083.390,34.242,2.837,0.000,OBSB2,0.000
Solution computed,"INS position, where the last applied position update used a single point GNSS(SINGLE) solution",5.0,45,0,08048066,0.000,-1631.898,0.000,0.000,0.000,NA,0.000
Solution computed,"INS position, where the last applied position update used a single point GNSS(SINGLE) solution",5.0,0,0,00248060,0.000,0.000,0.000,0.000,0.000,NA,0.000
Solution computed,"INS position, where the last applied position update used a single point GNSS(SINGLE) solution",5.0,0,0,01642060,0.000,0.000,0.000,0.000,0.000,NA,0.000
Solution computed,"INS position, where the last applied position update used a single point GNSS(SINGLE) solution",5.0,25,0,08048081,0.000,2500.000,0.000,0.000,0.000,NA,0.000
Solution computed,"INS position, where the last applied position update used a single point GNSS(SINGLE) solution",5.0,25,0,08048081,0.000,-2500.000,0.000,0.000,0.000,NA,0.000
Solution computed,"INS position, where the last applied position update used a single point GNSS(SINGLE) solution",5.0,0,0,01642080,0.000,0.000,0.000,0.000,0.000,NA,0.000
Solution computed,"INS position, where the last applied position update used a single point GNSS(SINGLE) solution",5.0,20,0,18049ca4,26006513.351,3197.498,35.942,193.752,2.274,GOOD,0.108
Solution computed,"INS position, where the last applied position update used a single point GNSS(SINGLE) solution",5.0,20,0,012428a4,0.000,2409.800,31.051,0.092,0.000,NA,0.000
Solution computed,"INS position, where the last applied position update used a single point GNSS(SINGLE) solution",5.0,20,0,016420a4,0.000,2470.783,25.934,0.092,0.000,NA,0.000
Solution computed,"INS position, where the last applied position update used a single point GNSS(SINGLE) solution",5.0,51,0,080480c1,0.000,834.000,0.000,0.000,0.000,NA,0.000
Solution computed,"INS position, where the last applied position update used a single point GNSS(SINGLE) solution",5.0,51,0,080480c1,0.000,-4166.000,0.000,0.000,0.000,NA,0.000
Solution computed,"INS position, where the last applied position update used a single point GNSS(SINGLE) solution",5.0,0,0,016420c0,0.000,0.000,0.000,0.000,0.000,NA,0.000
Solution computed,"INS position, where the last applied position update used a single point GNSS(SINGLE) solution",5.0,59,0,088480e1,0.000,2000.000,0.000,0.000,0.000,NA,0.000
Solution computed,"INS position, where the last applied position update used a single point GNSS(SINGLE) solution",5.0,59,0,088480e1,0.000,-14000.000,0.000,0.000,0.000,NA,0.000
Solution computed,"INS position, where the last applied position update used a single point GNSS(SINGLE) solution",5.0,0,0,016420e0,0.000,0.000,0.000,0.000,0.000,NA,0.000
Solution computed,"INS position, where the last applied position update used a single point GNSS(SINGLE) solution",5.0,49,0,08048101,0.000,4166.000,0.000,0.000,0.000,NA,0.000
Solution computed,"INS position, where the last applied position update used a single point GNSS(SINGLE) solution",5.0,49,0,08048101,0.000,-834.000,0.000,0.000,0.000,NA,0.000
Solution computed,"INS position, where the last applied position update used a single point GNSS(SINGLE) solution",5.0,0,0,01642100,0.000,0.000,0.000,0.000,0.000,NA,0.000
Solution computed,"INS position, where the last applied position update used a single point GNSS(SINGLE) solution",5.0,24,0,08048121,0.000,2500.000,0.000,0.000,0.000,NA,0.000
Solution computed,"INS position, where the last applied position update used a single point GNSS(SINGLE) solution",5.0,24,0,08048121,0.000,-2500.000,0.000,0.000,0.000,NA,0.000
Solution computed,"INS position, where the last applied position update used a single point GNSS(SINGLE) solution",5.0,0,0,01642120,0.000,0.000,0.000,0.000,0.000,NA,0.000
Solution computed,"INS position, where the last applied position update used a single point GNSS(SINGLE) solution",5.0,16,0,08048146,0.000,-1024.832,0.000,0.000,0.000,NA,0.000
Solution computed,"INS position, where the last applied position update used a single point GNSS(SINGLE) solution",5.0,0,0,00248140,0.000,0.000,0.000,0.000,0.000,NA,0.000
Solution computed,"INS position, where the last applied position update used a single point GNSS(SINGLE) solution",5.0,0,0,01642140,0.000,0.000,0.000,0.000,0.000,NA,0.000
Solution computed,"INS position, where the last applied position update used a single point GNSS(SINGLE) solution",5.0,52,0,08048161,0.000,834.000,0.000,0.000,0.000,NA,0.000
Solution computed,"INS position, where the last applied position update used a single point GNSS(SINGLE) solution",5.0,52,0,08048161,0.000,-4166.000,0.000,0.000,0.000,NA,0.000
Solution computed,"INS position, where the last applied position update used a single point GNSS(SINGLE) solution",5.0,0,0,01642160,0.000,0.000,0.000,0.000,0.000,NA,0.000
Solution computed,"INS position, where the last applied position update used a single point GNSS(SINGLE) solution",5.0,37,0,08048181,0.000,2500.000,0.000,0.000,0.000,NA,0.000
Solution computed,"INS position, where the last applied position update used a single point GNSS(SINGLE) solution",5.0,37,0,08048181,0.000,-2500.000,0.000,0.000,0.000,NA,0.000
Solution computed,"INS position, where the last applied position update used a single point GNSS(SINGLE) solution",5.0,0,0,01642180,0.000,0.000,0.000,0.000,0.000,NA,0.000
Solution computed,"INS position, where the last applied position update used a single point GNSS(SINGLE) solution",5.0,6,0,080481a6,0.000,-955.412,0.000,0.000,0.000,NA,0.000
Solution computed,"INS position, where the last applied position update used a single point GNSS(SINGLE) solution",5.0,0,0,002481a0,0.000,0.000,0.000,0.000,0.000,NA,0.000
Solution computed,"INS position, where the last applied position update used a single point GNSS(SINGLE) solution",5.0,0,0,016421a0,0.000,0.000,0.000,0.000,0.000,NA,0.000
Solution computed,"INS position, where the last applied position update used a single point GNSS(SINGLE) solution",5.0,7,0,080481c1,0.000,4166.000,0.000,0.000,0.000,NA,0.000
Solution computed,"INS position, where the last applied position update used a single point GNSS(SINGLE) solution",5.0,7,0,080481c1,0.000,-834.000,0.000,0.000,0.000,NA,0.000
Solution computed,"INS position, where the last applied position update used a single point GNSS(SINGLE) solution",5.0,0,0,016421c0,0.000,0.000,0.000,0.000,0.000,NA,0.000
Solution computed,"INS position, where the last applied position update used a single point GNSS(SINGLE) solution",5.0,19,0,080481e1,0.000,2500.000,0.000,0.000,0.000,NA,0.000
Solution computed,"INS position, where the last applied position update used a single point GNSS(SINGLE) solution",5.0,19,0,080481e1,0.000,-2500.000,0.000,0.000,0.000,NA,0.000
Solution computed,"INS position, where the last applied position update used a single point GNSS(SINGLE) solution",5.0,0,0,016421e0,0.000,0.000,0.000,0.000,0.000,NA,0.000
Solution computed,"INS position, where the last applied position update used a single point GNSS(SINGLE) solution",5.0,2,0,08848201,0.000,4166.000,0.000,0.000,0.000,NA,0.000
Solution computed,"INS position, where the last applied position update used a single point GNSS(SINGLE) solution",5.0,2,0,08848201,0.000,-834.000,0.000,0.000,0.000,NA,0.000
Solution computed,"INS position, where the last applied position update used a single point GNSS(SINGLE) solution",5.0,0,0,01642200,0.000,0.000,0.000,0.000,0.000,NA,0.000
Solution computed,"INS position, where the last applied position update used a single point GNSS(SINGLE) solution",5.0,34,0,08048221,0.000,4166.000,0.000,0.000,0.000,NA,0.000
Solution computed,"INS position, where the last applied position update used a single point GNSS(SINGLE) solution",5.0,34,0,08048221,0.000,-834.000,0.000,0.000,0.000,NA,0.000
Solution computed,"INS position, where the last applied position update used a single point GNSS(SINGLE) solution",5.0,0,0,01642220,0.000,0.000,0.000,0.000,0.000,NA,0.000
Solution computed,"INS position, where the last applied position update used a single point GNSS(SINGLE) solution",5.0,29,0,08149e44,21633021.869,890.745,37.537,334.507,2.159,GOOD,0.154
Solution computed,"INS position, where the last applied position update used a single point GNSS(SINGLE) solution",5.0,29,0,01343e44,21633023.276,671.175,35.617,174.077,0.000,OBSB2,0.000
Solution computed,"INS position, where the last applied position update used a single point GNSS(SINGLE) solution",5.0,29,0,51743e44,21633022.909,688.847,36.440,48.746,0.000,OBSB2,0.000
Solution computed,"INS position, where the last applied position update used a single point GNSS(SINGLE) solution",5.0,30,0,08149e64,22677450.756,-1983.778,51.395,1033.844,-1.511,GOOD,0.166
Solution computed,"INS position, where the last applied position update used a single point GNSS(SINGLE) solution",5.0,30,0,01343e64,22677451.239,-1495.007,47.624,983.345,0.000,OBSB2,0.000
Solution computed,"INS position, where the last applied position update used a single point GNSS(SINGLE) solution",5.0,30,0,41743e64,22677450.336,-1534.007,46.223,983.354,0.000,OBSB2,0.000
Solution computed,"INS position, where the last applied position update used a single point GNSS(SINGLE) solution",5.0,0,0,82670280,0.000,0.000,0.000,0.000,0.000,NA,0.000
Solution computed,"INS position, where the last applied position update used a single point GNSS(SINGLE) solution",5.0,0,0,826702a0,0.000,0.000,0.000,0.000,0.000,NA,0.000
Solution computed,"INS position, where the last applied position update used a single point GNSS(SINGLE) solution",5.0,0,0,826702c0,0.000,0.000,0.000,0.000,0.000,NA,0.000
Solution computed,"INS position, where the last applied position update used a single point GNSS(SINGLE) solution",5.0,0,0,826702e0,0.000,0.000,0.000,0.000,0.000,NA,0.000
Solution computed,"INS position, where the last applied position update used a single point GNSS(SINGLE) solution",5.0,0,0,82670300,0.000,0.000,0.000,0.000,0.000,NA,0.000
